residue,boltz2_n,af3_af3msa_n,af3_colabfoldmsa_n
LEU48,6.0,0.0,0.0
ARG122,5.0,0.0,0.0
TYR130,5.0,6.0,11.0
VAL47,5.0,0.0,0.0
LYS129,5.0,0.0,8.0
VAL171,5.0,0.0,0.0
CYS46,5.0,0.0,0.0
GLY131,4.0,3.0,6.0
THR133,4.0,0.0,0.0
PHE68,4.0,0.0,0.0
LEU96,4.0,0.0,0.0
PRO99,3.0,0.0,0.0
TYR132,3.0,7.0,11.0
THR40,3.0,0.0,0.0
ASN79,3.0,0.0,0.0
ASP98,3.0,0.0,0.0
ARG100,3.0,0.0,0.0
GLN42,3.0,0.0,0.0
LEU19,3.0,0.0,0.0
LYS124,3.0,4.0,3.0
TYR66,3.0,0.0,0.0
TRP97,3.0,0.0,0.0
VAL41,3.0,0.0,0.0
GLU28,0.0,3.0,3.0
GLN27,0.0,0.0,3.0
GLN32,0.0,0.0,7.0
PRO58,0.0,5.0,0.0
PRO54,0.0,0.0,9.0
PHE31,0.0,0.0,10.0
MET128,0.0,8.0,13.0
LYS126,0.0,7.0,0.0
LEU123,0.0,5.0,12.0
LEU53,0.0,0.0,4.0
LEU57,0.0,5.0,11.0
GLY63,0.0,5.0,0.0
LEU33,0.0,0.0,5.0
SER125,0.0,8.0,4.0
SER60,0.0,8.0,0.0
TRP127,0.0,13.0,11.0
TYR64,0.0,5.0,0.0
TYR61,0.0,11.0,12.0
TYR62,0.0,9.0,10.0
