ligand,residue,interaction,min_dist
cpd_10,PHE31,VdwContact,3.57
cpd_10,GLN27,VdwContact,4.31
cpd_10,LEU57,VdwContact,4.58
cpd_10,PHE31,Hydrophobic,3.2
cpd_10,TYR61,VdwContact,3.52
cpd_10,LEU57,Hydrophobic,3.74
cpd_10,MET128,VdwContact,3.59
cpd_10,TYR61,Hydrophobic,3.88
cpd_10,MET128,Hydrophobic,3.06
cpd_10,TYR130,VdwContact,3.7
cpd_10,TYR132,VdwContact,3.65
cpd_10,TYR130,Hydrophobic,3.35
cpd_10,LEU123,Hydrophobic,4.23
cpd_10,TYR132,Hydrophobic,4.15
cpd_10,GLU28,VdwContact,4.66
cpd_10,MET128,PolarContact,2.55
cpd_10,TRP127,VdwContact,4.07
cpd_10,TYR61,PolarContact,2.76
cpd_10,SER125,VdwContact,4.65
cpd_11,LYS126,VdwContact,3.52
cpd_11,TYR64,VdwContact,3.9
cpd_11,LYS124,VdwContact,3.57
cpd_11,SER125,VdwContact,3.67
cpd_11,LYS126,Hydrophobic,3.12
cpd_11,SER125,Hydrophobic,3.11
cpd_11,LYS124,Hydrophobic,2.22
cpd_11,GLY63,VdwContact,3.82
cpd_11,LYS126,PolarContact,2.91
cpd_11,SER125,PolarContact,2.68
cpd_11,LYS124,PolarContact,2.46
cpd_11,TYR62,VdwContact,4.92
cpd_11,GLY63,Hydrophobic,2.96
cpd_11,TYR64,Hydrophobic,4.46
cpd_11,MET128,VdwContact,3.61
cpd_11,LYS129,VdwContact,3.52
cpd_11,MET128,Hydrophobic,2.96
cpd_11,MET128,PolarContact,2.7
cpd_11,TRP127,VdwContact,3.57
cpd_11,TRP127,Hydrophobic,3.33
cpd_11,TRP127,PolarContact,2.76
cpd_11,LYS129,Hydrophobic,3.96
cpd_11,TYR130,VdwContact,4.88
cpd_11,TYR66,VdwContact,4.55
cpd_11,TYR66,Hydrophobic,4.34
cpd_11,ARG122,VdwContact,4.46
cpd_11,LEU123,VdwContact,4.04
cpd_11,GLY131,VdwContact,3.93
cpd_11,GLY131,Hydrophobic,3.25
cpd_11,LEU123,Hydrophobic,3.84
cpd_11,LEU123,PolarContact,3.22
cpd_11,TYR132,VdwContact,4.34
cpd_11,GLU28,VdwContact,3.79
cpd_11,ARG122,Hydrophobic,3.63
cpd_11,THR133,VdwContact,4.89
cpd_11,ALA26,VdwContact,4.88
cpd_12,SER60,VdwContact,3.55
cpd_12,TYR62,VdwContact,3.57
cpd_12,TRP127,VdwContact,3.51
cpd_12,TRP127,Hydrophobic,2.27
cpd_12,TRP127,PolarContact,2.09
cpd_12,PRO58,VdwContact,4.63
cpd_12,PRO58,Hydrophobic,3.59
cpd_12,SER60,PolarContact,3.4
cpd_12,TYR61,VdwContact,4.65
cpd_12,TYR61,Hydrophobic,4.41
cpd_12,SER125,VdwContact,3.58
cpd_12,LYS126,VdwContact,3.62
cpd_12,SER125,PolarContact,2.38
cpd_12,TYR62,PolarContact,2.2
cpd_12,TYR62,Hydrophobic,3.94
cpd_12,LYS126,Hydrophobic,2.81
cpd_12,GLY63,VdwContact,4.34
cpd_12,LYS126,PolarContact,2.34
cpd_12,SER125,Hydrophobic,4.17
cpd_12,GLY63,Hydrophobic,4.14
cpd_12,TYR64,VdwContact,4.14
cpd_12,TYR64,Hydrophobic,3.34
cpd_13,LYS126,VdwContact,3.53
cpd_13,TYR62,VdwContact,3.93
cpd_13,TYR62,PolarContact,3.03
cpd_13,TRP127,VdwContact,3.71
cpd_13,TYR62,Hydrophobic,3.7
cpd_13,LYS126,Hydrophobic,2.84
cpd_13,TRP127,PolarContact,2.11
cpd_13,TRP127,Hydrophobic,1.91
cpd_13,LYS126,PolarContact,2.54
cpd_13,SER60,VdwContact,4.17
cpd_13,SER60,PolarContact,3.11
cpd_13,TYR61,VdwContact,4.98
cpd_13,SER125,VdwContact,3.97
cpd_13,TYR64,VdwContact,4.63
cpd_13,TYR64,Hydrophobic,3.95
cpd_13,SER125,Hydrophobic,3.9
cpd_13,LYS124,VdwContact,4.58
cpd_13,SER125,PolarContact,3.34
cpd_13,GLY63,VdwContact,4.28
cpd_1,SER60,VdwContact,3.7
cpd_1,SER60,Hydrophobic,3.49
cpd_1,SER60,PolarContact,2.73
cpd_1,PRO58,VdwContact,3.54
cpd_1,TYR61,VdwContact,3.79
cpd_1,PRO58,Hydrophobic,3.23
cpd_1,TYR61,Hydrophobic,4.15
cpd_1,TYR62,VdwContact,3.55
cpd_1,TYR62,Hydrophobic,3.22
cpd_1,TRP127,VdwContact,4.02
cpd_1,TRP127,Hydrophobic,4.19
cpd_1,MET128,VdwContact,3.74
cpd_1,PRO58,PolarContact,3.11
cpd_1,THR56,VdwContact,4.25
cpd_1,TYR130,VdwContact,3.97
cpd_1,LEU57,VdwContact,4.55
cpd_1,LEU57,Hydrophobic,3.53
cpd_1,MET128,PolarContact,2.75
cpd_1,TYR130,Hydrophobic,3.31
cpd_1,TYR130,PolarContact,2.19
cpd_1,MET128,Hydrophobic,3.6
cpd_1,TYR132,VdwContact,4.72
cpd_1,THR56,Hydrophobic,4.18
cpd_1,THR56,PolarContact,3.37
cpd_1,TYR61,PolarContact,3.32
cpd_2,LYS124,VdwContact,3.68
cpd_2,LYS124,PolarContact,2.29
cpd_2,SER125,VdwContact,3.52
cpd_2,LYS124,Hydrophobic,2.69
cpd_2,LYS126,Hydrophobic,3.14
cpd_2,LYS126,VdwContact,3.55
cpd_2,SER125,Hydrophobic,3.88
cpd_2,SER125,PolarContact,2.7
cpd_2,MET128,VdwContact,3.59
cpd_2,LYS126,PolarContact,2.67
cpd_2,TRP127,VdwContact,3.6
cpd_2,TRP127,Hydrophobic,2.39
cpd_2,MET128,Hydrophobic,2.82
cpd_2,LYS129,VdwContact,3.86
cpd_2,MET128,PolarContact,2.03
cpd_2,LYS129,Hydrophobic,3.18
cpd_2,TRP127,PolarContact,2.38
cpd_2,LYS129,PolarContact,3.28
cpd_2,TYR130,VdwContact,4.15
cpd_2,TYR130,Hydrophobic,4.27
cpd_2,GLY131,VdwContact,3.58
cpd_2,GLY131,Hydrophobic,2.67
cpd_2,LEU123,VdwContact,3.77
cpd_2,GLU28,VdwContact,3.69
cpd_2,LEU123,Hydrophobic,3.42
cpd_2,LEU123,PolarContact,2.69
cpd_2,TYR132,VdwContact,3.6
cpd_2,GLY131,PolarContact,3.36
cpd_2,ARG122,VdwContact,3.9
cpd_2,TYR132,Hydrophobic,4.35
cpd_2,ARG122,Hydrophobic,3.49
cpd_2,THR133,VdwContact,4.59
cpd_2,GLU28,Hydrophobic,4.46
cpd_2,GLU28,PolarContact,3.3
cpd_2,TYR130,PolarContact,3.05
cpd_3,TYR132,VdwContact,3.93
cpd_3,MET128,VdwContact,3.54
cpd_3,PHE31,VdwContact,3.51
cpd_3,TYR132,Hydrophobic,2.07
cpd_3,MET128,Hydrophobic,2.36
cpd_3,PHE31,Hydrophobic,3.14
cpd_3,GLN32,VdwContact,4.53
cpd_3,PHE31,PolarContact,2.49
cpd_3,PRO54,Hydrophobic,3.29
cpd_3,LEU123,VdwContact,3.62
cpd_3,PRO54,VdwContact,4.57
cpd_3,LEU57,VdwContact,4.08
cpd_3,TYR62,Hydrophobic,2.28
cpd_3,LEU123,Hydrophobic,2.19
cpd_3,LEU57,Hydrophobic,3.68
cpd_3,TYR61,Hydrophobic,3.14
cpd_3,LEU53,VdwContact,4.5
cpd_3,TYR62,VdwContact,3.85
cpd_3,LEU33,VdwContact,4.14
cpd_3,LEU33,Hydrophobic,3.3
cpd_3,GLN32,Hydrophobic,4.46
cpd_3,PHE121,VdwContact,4.97
cpd_3,LEU53,Hydrophobic,3.41
cpd_3,TYR62,PolarContact,2.59
cpd_3,LEU123,PolarContact,2.11
cpd_3,TYR61,VdwContact,3.84
cpd_3,TYR61,PolarContact,3.14
cpd_3,MET128,PolarContact,1.24
cpd_3,TRP127,VdwContact,4.8
cpd_3,GLY131,VdwContact,4.54
cpd_4,TYR61,VdwContact,3.27
cpd_4,SER60,VdwContact,3.75
cpd_4,TYR62,VdwContact,3.65
cpd_4,TYR61,PolarContact,2.83
cpd_4,GLY63,VdwContact,3.55
cpd_4,TRP127,VdwContact,3.54
cpd_4,SER125,VdwContact,4.27
cpd_4,SER125,PolarContact,3.49
cpd_4,LYS126,VdwContact,3.55
cpd_4,TRP127,Hydrophobic,2.01
cpd_4,TRP127,PolarContact,1.54
cpd_4,LYS126,Hydrophobic,2.8
cpd_4,TYR64,VdwContact,3.96
cpd_5,LYS126,VdwContact,3.89
cpd_5,TRP127,VdwContact,3.52
cpd_5,MET128,VdwContact,3.86
cpd_5,TRP127,PolarContact,1.47
cpd_5,TRP127,Hydrophobic,0.88
cpd_5,TYR61,VdwContact,3.53
cpd_5,TYR61,Hydrophobic,3.05
cpd_5,SER60,VdwContact,3.92
cpd_5,PRO58,VdwContact,3.56
cpd_5,SER60,Hydrophobic,3.42
cpd_5,LYS126,Hydrophobic,4.04
cpd_5,SER60,PolarContact,2.53
cpd_5,PRO58,Hydrophobic,4.03
cpd_5,MET128,Hydrophobic,2.97
cpd_5,MET128,PolarContact,3.17
cpd_6,TYR61,VdwContact,3.45
cpd_6,LEU57,VdwContact,3.62
cpd_6,TYR61,PolarContact,2.72
cpd_6,MET128,VdwContact,3.71
cpd_6,TRP127,VdwContact,4.31
cpd_6,SER125,VdwContact,3.58
cpd_6,LEU57,Hydrophobic,2.48
cpd_6,TYR61,Hydrophobic,3.47
cpd_6,MET128,PolarContact,3.05
cpd_6,MET128,Hydrophobic,2.93
cpd_6,LEU57,PolarContact,2.83
cpd_6,TYR130,VdwContact,3.63
cpd_6,THR55,VdwContact,3.27
cpd_6,TYR132,VdwContact,3.72
cpd_6,TYR130,Hydrophobic,3.92
cpd_6,TYR130,PolarContact,2.07
cpd_6,TYR132,Hydrophobic,3.12
cpd_6,THR55,Hydrophobic,4.02
cpd_6,TYR132,PolarContact,2.91
cpd_6,LEU123,VdwContact,3.14
cpd_6,TYR62,Hydrophobic,4.28
cpd_6,TYR62,VdwContact,3.23
cpd_6,LEU123,Hydrophobic,4.24
cpd_6,SER125,Hydrophobic,4.26
cpd_6,SER125,PolarContact,3.11
cpd_6,PRO58,VdwContact,3.77
cpd_6,PRO58,Hydrophobic,3.87
cpd_6,ARG29,VdwContact,3.54
cpd_6,ARG29,PolarContact,1.16
cpd_6,ARG29,Hydrophobic,1.81
cpd_7,TYR62,VdwContact,3.56
cpd_7,TRP127,VdwContact,3.64
cpd_7,TYR62,Hydrophobic,2.65
cpd_7,TRP127,Hydrophobic,2.14
cpd_7,TRP127,PolarContact,1.96
cpd_7,TYR62,PolarContact,2.27
cpd_7,SER60,VdwContact,4.17
cpd_7,TYR61,VdwContact,5.0
cpd_8,SER60,VdwContact,3.56
cpd_8,SER60,PolarContact,2.88
cpd_8,PRO58,VdwContact,3.58
cpd_8,SER60,Hydrophobic,3.37
cpd_8,PRO58,Hydrophobic,3.23
cpd_8,PRO58,PolarContact,2.45
cpd_8,THR56,VdwContact,3.63
cpd_8,THR56,PolarContact,3.22
cpd_8,TYR61,VdwContact,3.88
cpd_8,TYR61,Hydrophobic,3.93
cpd_8,TYR62,VdwContact,3.93
cpd_8,TYR62,Hydrophobic,3.77
cpd_8,TRP127,VdwContact,4.94
cpd_8,MET128,VdwContact,3.55
cpd_8,MET128,Hydrophobic,4.4
cpd_8,LEU57,VdwContact,3.53
cpd_8,TYR61,PolarContact,3.03
cpd_8,LEU57,PolarContact,2.84
cpd_8,LEU57,Hydrophobic,3.55
cpd_8,TYR130,VdwContact,3.93
cpd_8,MET128,PolarContact,3.3
cpd_8,TYR130,PolarContact,2.04
cpd_8,TYR130,Hydrophobic,3.37
cpd_8,TYR132,VdwContact,4.32
cpd_8,ARG29,VdwContact,4.77
cpd_8,THR56,Hydrophobic,4.28
cpd_9,TRP127,VdwContact,3.52
cpd_9,TRP127,PolarContact,1.39
cpd_9,LYS126,VdwContact,3.5
cpd_9,TRP127,Hydrophobic,1.48
cpd_9,LYS126,Hydrophobic,2.94
cpd_9,SER60,VdwContact,4.0
cpd_9,TYR61,Hydrophobic,2.96
cpd_9,TYR61,VdwContact,3.69
cpd_9,TYR61,PolarContact,3.14
cpd_9,SER125,VdwContact,3.86
cpd_9,LYS126,PolarContact,2.98
cpd_9,GLY63,VdwContact,4.5
cpd_9,GLY63,Hydrophobic,3.83
cpd_9,SER125,Hydrophobic,3.86
cpd_9,LYS124,VdwContact,4.73
cpd_9,TYR64,Hydrophobic,3.27
cpd_9,TYR64,VdwContact,4.09
cpd_9,SER125,PolarContact,2.72
sa,ARG114,VdwContact,3.57
sa,ARG113,VdwContact,3.59
sa,ARG113,Hydrophobic,3.7
sa,ARG114,Hydrophobic,4.04
sa,ARG113,PolarContact,2.88
sa,ASN116,VdwContact,3.54
sa,ASN116,Hydrophobic,4.26
sa,ASN116,PolarContact,3.2
sa,ARG114,PolarContact,2.81
sa,GLU43,VdwContact,4.92
